﻿<?xml version="1.0" encoding="utf-8" standalone="no" ?>
<modDesc descVersion="98">
	<author>StjerneIdioten</author>
	<version>3.0.0.1</version> 
	<title>
		<en>Adjustable Mirrors</en>
		<de>Einstellbare Spiegel</de>    
		<fr>Rétroviseurs Réglables</fr>
		<br>Retrovisores Ajustáveis</br>  
    </title>
    <description>
        <en><![CDATA[
This mod enables you to adjust the mirrors of you vehicles and actually make them useful when using the in-cab view.
Everything is fully multiplayer compatible and mirrors will be synched between all clients and saved by the server.

Find the source code <a href="https://github.com/StjerneIdioten/AdjustableMirrors">here</a>.

Default bindings are as follows:
- "Adjust Mirrors on/off" : [rctrl + keypad_0]
- "Change mirror" : [rctrl + keypad_5]
- "Tilt the mirror down" : [rctrl + keypad_2]
- "Tilt the mirror up" : [rctrl + keypad_8]
- "Tilt the mirror left" : [rctrl + keypad_4]
- "Tilt the mirror right" : [rctrl + keypad_6]
]]></en>
		<de><![CDATA[
Dieser Mod ermöglicht es Ihnen, die Spiegel Ihrer Fahrzeuge einzustellen und sie für die Verwendung in der Kabinenansicht nützlich zu machen.
Alles ist vollständig Multiplayerfähig und Spiegel werden zwischen allen Clients synchronisiert und vom Server gespeichert.

Den Quellcode finden Sie <a href="https://github.com/StjerneIdioten/AdjustableMirrors">hier</a>.

Die Standardbindungen sind wie folgt:
- "Spiegel anpassen ein/aus" : [Strg-Rechts + Keypad 0]
- "Spiegel ändern" : [Strg-Rechts + Keypad 5]
- "Kippt den Spiegel nach unten": [Strg-Rechts + Keypad 2]
- "Kippt den Spiegel nach oben" : [Strg-Rechts + Keypad 8]
- "Kippt den Spiegel nach links" : [Strg-Rechts + Keypad 4]
- "Kippt den Spiegel nach rechts" : [Strg-Rechts + Keypad 6]
]]></de>
		<fr><![CDATA[
Ce mod vous permet de régler les rétroviseurs de vous véhicules pour les utiliser dedans la cabine.
Toutes les fonctions sont compatibles avec les multijouers et les rétroviseurs seront synchronisés entre tous les clients et enregistrés par le serveur.

Trouvez le code source <a href="https://github.com/StjerneIdioten/AdjustableMirrors">ici</a>.

Les raccourcis sont les suivants:
- "Réglez Les Rétroviseurs on/off" : [rctrl + keypad_0]
- "Changez Rétroviseur" : [rctrl + keypad_5]
- "Déplacez vers le bas" : [rctrl + keypad_2]
- "Déplacez vers le haut" : [rctrl + keypad_8]
- "Déplacez vers la gauche" : [rctrl + keypad_4]
- "Déplacez vers la droite" : [rctrl + keypad_6]
]]></fr>
 	</description>
    <multiplayer supported="true"/>   
	<iconFilename>icon_AdjustableMirrors.dds</iconFilename>

	<l10n filenamePrefix="localization/modDesc_l10n" />

	<actions>
		<action name="AM_AdjustMirrors" category="VEHICLE"/>
		<action name="AM_SwitchMirror" 	category="VEHICLE"/>
		<action name="AM_TiltUp" 		category="VEHICLE"/>
		<action name="AM_TiltDown" 		category="VEHICLE"/>
		<action name="AM_TiltLeft" 		category="VEHICLE"/>
		<action name="AM_TiltRight" 	category="VEHICLE"/>
	</actions>

	<inputBinding>
		<actionBinding action="AM_AdjustMirrors">
			<binding device="KB_MOUSE_DEFAULT" input="KEY_rctrl KEY_KP_0" axisComponent="+" inputComponent="+" index="1"/>
		</actionBinding>
		<actionBinding action="AM_SwitchMirror">
			<binding device="KB_MOUSE_DEFAULT" input="KEY_rctrl KEY_KP_5" axisComponent="+" inputComponent="+" index="1"/>
		</actionBinding>
		<actionBinding action="AM_TiltUp">
			<binding device="KB_MOUSE_DEFAULT" input="KEY_rctrl KEY_KP_8" axisComponent="+" inputComponent="+" index="1"/>
		</actionBinding>
		<actionBinding action="AM_TiltDown">
			<binding device="KB_MOUSE_DEFAULT" input="KEY_rctrl KEY_KP_2" axisComponent="+" inputComponent="+" index="1"/>
		</actionBinding>
		<actionBinding action="AM_TiltLeft">
			<binding device="KB_MOUSE_DEFAULT" input="KEY_rctrl KEY_KP_4" axisComponent="+" inputComponent="+" index="1"/>
		</actionBinding>
		<actionBinding action="AM_TiltRight">
			<binding device="KB_MOUSE_DEFAULT" input="KEY_rctrl KEY_KP_6" axisComponent="+" inputComponent="+" index="1"/>
		</actionBinding>
	</inputBinding>

	<extraSourceFiles>
     <sourceFile filename="register.lua" />
    </extraSourceFiles>  

</modDesc>