﻿<?xml version="1.0" encoding="utf-8" standalone="no" ?>
<l10n>
    <texts>
        <text name="input_AM_AdjustMirrors" text="Spiegel einstellen an/aus"/>
        <text name="input_AM_SwitchMirror" text="Spiegel wechseln"/>
        <text name="input_AM_TiltUp" text="Spiegel nach oben kippen"/>
        <text name="input_AM_TiltDown" text="Spiegel nach unten kippen"/>
        <text name="input_AM_TiltLeft" text="Spiegel nach links kippen"/>
        <text name="input_AM_TiltRight" text="Spiegel nach rechts kippen"/>
        <text name="info_AM_SelectedMirror" text="Dieser Spiegel"/>
    </texts>
</l10n>
