﻿<?xml version="1.0" encoding="utf-8" standalone="no" ?>
<l10n>
    <texts>
        <text name="input_AM_AdjustMirrors" text="Adjust Mirrors on/off"/>
        <text name="input_AM_SwitchMirror" text="Change mirror"/>
        <text name="input_AM_TiltUp" text="Tilt the mirror up"/>
        <text name="input_AM_TiltDown" text="Tilt the mirror down"/>
        <text name="input_AM_TiltLeft" text="Tilt the mirror left"/>
        <text name="input_AM_TiltRight" text="Tilt the mirror right"/>
        <text name="info_AM_SelectedMirror" text="This Mirror"/>
    </texts>
</l10n>
