<?xml version="1.0" encoding="utf-8" standalone="no" ?>
<l10n>
    <texts>
        <text name="input_AM_AdjustMirrors" text="Ajustar Retrovisores on/off"/>
        <text name="input_AM_SwitchMirror" text="Trocar de retrovisor"/>
        <text name="input_AM_TiltUp" text="Virar o retrovisor para o alto"/> 
        <text name="input_AM_TiltDown" text="Virar o retrovisor para baixo"/>
        <text name="input_AM_TiltLeft" text="Virar o retrovisor para a esquerda"/>
        <text name="input_AM_TiltRight" text="Virar o retrovisor para a direita"/>
        <text name="info_AM_SelectedMirror" text="Esse retrovisor"/>
    </texts>
</l10n>